,title,url,thumbnail_url,channel_name,description_name
0,ILLSLICK - My Dad [Official Music Video],https://www.youtube.com/watch?v=T3Fv4IoatxE,https://i.ytimg.com/vi/T3Fv4IoatxE/hqdefault.jpg?sqp=-oaymwEcCNACELwBSFXyq4qpAw4IARUAAIhCGAFwAcABBg==&rs=AOn4CLDS29ON86LjwAHM3JjsLaZ_PncYMQ,Illslick thelegandary,"Mastered : Warut ""Sevendogs"" Rintranukul Music video by Jettana Cast : Pakpoom Jongmanwattana, Pappim Suthinbut Director : jirat SOMPAKDEE Assistant Director : Raksaphon Ruamwong Director..."
1,üî¥Live! ‡∏ñ‡πà‡∏≤‡∏¢‡∏ó‡∏≠‡∏î‡∏™‡∏î‡∏´‡∏ß‡∏¢ 1 ‡∏°‡∏µ‡∏ô‡∏≤‡∏Ñ‡∏° 2566 ‡∏ñ‡πà‡∏≤‡∏¢‡∏ó‡∏≠‡∏î‡∏™‡∏î‡∏™‡∏•‡∏≤‡∏Å‡∏Å‡∏¥‡∏ô‡πÅ‡∏ö‡πà‡∏á‡∏£‡∏±‡∏ê‡∏ö‡∏≤‡∏•,https://www.youtube.com/watch?v=qfqXyQzGixU,https://i.ytimg.com/vi/qfqXyQzGixU/hqdefault.jpg?sqp=-oaymwEcCNACELwBSFXyq4qpAw4IARUAAIhCGAFwAcABBg==&rs=AOn4CLA1QcjCL0s3ozLLuhmxwRHoI8Rkow,‡∏Ñ‡∏ô‡∏≠‡πà‡∏≤‡∏ô‡∏Ç‡πà‡∏≤‡∏ß - TRNTV,‡∏Å‡∏≤‡∏£‡∏ñ‡πà‡∏≤‡∏¢‡∏ó‡∏≠‡∏î‡∏™‡∏î‡∏´‡∏ß‡∏¢ 1 ‡∏°‡∏µ‡∏ô‡∏≤‡∏Ñ‡∏° 2566 ‡∏ñ‡πà‡∏≤‡∏¢‡∏ó‡∏≠‡∏î‡∏™‡∏î‡∏™‡∏•‡∏≤‡∏Å‡∏Å‡∏¥‡∏ô‡πÅ‡∏ö‡πà‡∏á‡∏£‡∏±‡∏ê‡∏ö‡∏≤‡∏• ‡∏ú‡∏•‡∏Å‡∏≤‡∏£‡∏≠‡∏≠‡∏Å‡∏™‡∏•‡∏≤‡∏Å‡∏Å‡∏¥‡∏ô...
2,2 ‡∏°‡∏µ‡∏ô‡∏≤‡∏Ñ‡∏° ‡∏Ñ.‡∏®. 2023,https://www.youtube.com/shorts/mgGctbLdXBI,https://i.ytimg.com/vi/mgGctbLdXBI/hq2.jpg?sqp=-oaymwE2CNACELwBSFXyq4qpAygIARUAAIhCGABwAcABBvABAfgBzgWAAoAKigIMCAAQARhlIF0oSzAP&rs=AOn4CLANDcMUAD3e0aWKoyqUGF7tMbPimA,ttvnewsonline,
3,ILLSLICK - ISO GOD [Official Music Video],https://www.youtube.com/watch?v=Tqd67GuwTxQ,,Illslick thelegandary,"PEAK x ILLSLICK : ""ISO GOD"" Signature Collection Peak Sport Thailand : https://www.facebook.com/peaksportthailandfanpage Mastered : Warut ""Sevendogs"" Rintranukul Music video by Jettana Director..."
4,‡∏ä‡∏±‡∏î‡πÄ‡∏à‡∏ô (Complicated) - Paper Planes„ÄåOfficial MV„Äç,https://www.youtube.com/watch?v=1T_E9IvYtYc,,Genierock,MV ‡∏ä‡∏±‡∏î‡πÄ‡∏à‡∏ô (Complicated) Paper Planes New Single 2023 genie records ‡∏ï‡∏¥‡∏î‡∏ï‡∏≤‡∏°‡∏®‡∏¥‡∏•‡∏õ‡∏¥‡∏ô‡πÑ‡∏î‡πâ‡∏ó‡∏µ‡πà...https://linktr.ee/paperplanesband ‡πÄ‡∏ô‡∏∑‡πâ‡∏≠‡∏£‡πâ‡∏≠...
5,üî¥ùêãùêàùêïùêÑ ‡∏Å‡∏≤‡∏£‡πÅ‡∏Ç‡πà‡∏á‡∏Ç‡∏±‡∏ô RoV Pro League 2023 Summer | Regular Season | Week 6 Day 1,https://www.youtube.com/watch?v=z-6VEsYOf38,,Garena RoV Thailand,üî¥LIVE ‡∏Å‡∏≤‡∏£‡πÅ‡∏Ç‡πà‡∏á‡∏Ç‡∏±‡∏ô RoV Pro League 2023 Summer ‡∏Å‡∏±‡∏ö‡∏£‡∏≠‡∏ö Regular Season | Week 6 Day 1 üèÜ‡∏î‡∏π‡πÅ‡∏Ç‡πà‡∏á‡∏ú‡πà‡∏≤‡∏ô ValorTV ‡πÉ‡∏ô‡πÄ‡∏Å‡∏° ‡∏£‡∏±‡∏ö‡∏™‡∏Å‡∏¥‡∏ô...
6,The Driver EP.184 - ‡∏°‡∏≤‡∏£‡∏¥‡πÇ‡∏≠‡πâ + ‡πÇ‡∏ï‡πÇ‡∏ô‡πà,https://www.youtube.com/watch?v=9Bl1Gzig9i0,,The Driver,"The Driver Episode ‡∏ô‡∏µ‡πâ ‡πÄ‡∏à‡πâ‡∏≤‡∏ä‡∏≤‡∏¢‡πÅ‡∏´‡πà‡∏á‡∏ß‡∏á‡∏Å‡∏≤‡∏£‡∏û‡∏µ‡πÄ‡∏£‡∏µ‡∏¢‡∏î‡∏≠‡∏¢‡πà‡∏≤‡∏á ""‡∏°‡∏≤‡∏£‡∏¥‡πÇ‡∏≠‡πâ ‡πÄ‡∏°‡∏≤‡πÄ‡∏£‡πà‡∏≠"" ‡∏Å‡∏•‡∏±‡∏ö‡∏°‡∏≤‡∏≠‡∏µ‡∏Å‡∏Ñ‡∏£‡∏±..."
7,‡∏£‡∏±‡∏Å‡πÅ‡∏£‡∏Å‡∏Ç‡∏≠‡∏á‡πÅ‡∏à‡πä‡∏™ | ‡∏£‡∏™‡∏ß‡∏¥‡∏ß‡∏≤‡∏´‡πå EP.15,https://www.youtube.com/watch?v=_ZjaQqicNzo,,‡πÅ‡∏à‡πä‡∏™ ‡∏™‡∏õ‡∏∏‡πä‡∏Å‡∏ô‡∏¥‡∏Ñ ‡∏õ‡∏≤‡∏õ‡∏¥‡∏¢‡∏≠‡∏á ‡∏Å‡∏∏‡πä‡∏Å‡∏Å‡∏∏‡πä‡∏Å,‡πÉ‡∏Ñ‡∏£‡∏™‡∏ô‡πÉ‡∏à‡∏ó‡∏µ‡πà‡∏ô‡∏≠‡∏ô‡∏ô‡∏µ‡πâ‡πÅ‡∏ö‡∏ö‡πÄ‡∏£‡∏≤ ‡πÑ‡∏õ‡∏™‡∏±‡πà‡∏á‡πÑ‡∏î‡πâ‡πÄ‡∏•‡∏¢‡∏ï‡∏≤‡∏°‡∏ô‡∏µ‡πâ!! ‡∏•‡∏¥‡∏á‡∏Ñ‡πå‡πÄ‡∏ß‡πá‡∏ö‡πÑ‡∏ã‡∏ï‡πå : https://sleephappy.co.th/?utm_s...
8,‡πÅ‡∏ú‡∏ô‡πÄ‡∏≠‡∏≤‡∏Ñ‡∏∑‡∏ô! ‡∏ß‡∏¥‡∏õ‡∏Ñ‡∏£‡∏µ‡∏°‡πÅ‡∏™‡∏ô‡∏≠‡∏£‡πà‡∏≠‡∏¢ EP2 ‡∏û‡∏µ‡πà‡πÅ‡∏ä‡∏°‡∏õ‡πå‡∏ô‡πâ‡∏≠‡∏á‡∏õ‡∏≤‡∏ô Happytv,https://www.youtube.com/shorts/Jg6lM7op0es,,HappyTV,#Happytv #‡∏û‡∏µ‡πà‡πÅ‡∏ä‡∏°‡∏õ‡πå‡∏ô‡πâ‡∏≠‡∏á‡∏õ‡∏≤‡∏ô #‡πÅ‡∏ä‡∏°‡∏õ‡πå #‡πÅ‡∏ä‡∏° #hapytvth #‡∏•‡∏∞‡∏Ñ‡∏£‡∏ß‡∏±‡∏¢‡πÉ‡∏™ ‡∏ä‡∏°‡∏Ñ‡∏•‡∏¥‡∏õ‡πÉ‡∏´‡∏°‡πà‡πÜ‡πÑ‡∏î‡πâ‡∏ó‡∏∏‡∏Å‡∏ß‡∏±‡∏ô‡∏ô‡∏∞‡∏Ñ‡∏∞...
9,Crossing the Sea (1): The bicycle was pumped up to fly?#funny #comedy #shorts #funnyvideos #guige,https://www.youtube.com/shorts/GdxDxZ9uf9c,,GuiGe,"Crossing the Sea (1): The bicycle was pumped up to fly?#funny #comedy #shorts #funnyvideos #guige Hey! I'm super talented GuiGe, this is my Only Official Channel on YouTube.üòé I made super..."
