title,url,thumbnail_url,channel_name,description_name
ประเพณี 'ลงปลาหว่านแห' 2 ปี มี 1 ครั้ง !!!!,https://www.youtube.com/watch?v=61crRa7L9os,https://i.ytimg.com/vi/61crRa7L9os/hqdefault.jpg?sqp=-oaymwEcCPYBEIoBSFTyq4qpAw4IARUAAIhCGAFwAcABBg==&rs=AOn4CLAb2nxwd6LHK6d8rBIxfhp2Goch8A,DJ Poom ,เปิดโลกกับอีก 1 ประเพณีของชาวอีสาน นั่นก็คือ ‘ลงปลาหว่านแห’ ซึ่งเป็นก...
ปอกเปลือก “ชูวิทย์” คิดล้มใครแน่ | คมชัดลึก | 6 มี.ค. 66 | FULL | NationTV22,https://www.youtube.com/watch?v=5iMxyboBWRM,https://i.ytimg.com/vi/5iMxyboBWRM/hqdefault.jpg?sqp=-oaymwEcCPYBEIoBSFTyq4qpAw4IARUAAIhCGAFwAcABBg==&rs=AOn4CLBUZae1ol46ov5HQt0PWKJZsZrWdQ,Nation online,#ชูวิทย์ #ทุนจีนสีเทา #รายการคมชัดลึก ---------------------------------------------------------- รับชมวีดีโอ...
หนังจีนเต็มเรื่องพากย์ไทย | เกราะบังตาประตูจำแลงพิศดาร (Qi Men Dun Jia) | แฟนตาซี / ผจญภัย,https://www.youtube.com/watch?v=ugPVBn5ZcAA,https://i.ytimg.com/vi/ugPVBn5ZcAA/hqdefault.jpg?sqp=-oaymwEcCPYBEIoBSFTyq4qpAw4IARUAAIhCGAFwAcABBg==&rs=AOn4CLCPSFY1SHK2Xx9vulqVYpiEZdcKlw,หนังจีน พากย์ไทย,กดSubscribe และกดกระดิ่งแจ้งเตือน จะได้ไม่พลาดทุกความสนุก 👉กดติดตามเลย https://i...
ไฮไลท์ฟุตบอลพรีเมียร์ลีก 2022/23 สัปดาห์ที่ 26 : ลิเวอร์พูล พบ แมนเชสเตอร์ ยูไนเต็ด,https://www.youtube.com/watch?v=D2eqZ-xOp9A,,TrueVisionsOfficial,ครบทุกความบันเทิงแบบเอชดี แพ็กดีที่สุด!! แพลทินัม หรือ โกลด์ แพ็กเกจ...
ลิ้นยาวมาก #shorts,https://www.youtube.com/shorts/uTdGxfvy6jw,,วินริว สไมล์,
PASULOL ริกกี้แมลงสาบเพื่อนรัก 3,https://www.youtube.com/watch?v=OnsXlbX87_M,,PASULOL,หลังจากหลายปีของการถูกเกลียดและทอดทิ้ง ริกกี้ก็ได้ค้นพบเส้นทางตัวเ...
ขี้เมาเอาแต่ใจ - ลำเพลิน วงศกร Feat. ลำไย ไหทองคำ【Music Video】,https://www.youtube.com/watch?v=xl8oZRpURYs,,Thaidol Music,เพลง ขี้เมาเอาแต่ใจ ศิลปิน ลำเพลิน วงศกร Feat.ลำไย ไหทองคำ คำร้อง เจี...
หลอยมาหาแหน่ - น้ำแข็ง ทิพวรรณ Ft. ปอนด์ กฤษฎา (OFFICIAL MV),https://www.youtube.com/watch?v=ts0luKPuFj4,,น้ําแข็ง ทิพวรรณ,น้ำแข็ง ทิพวรรณ Faet. ปอนด์ กฤษฎา - หลอยมาหาแหน่ (OFFICIAL MV) https://bfan.link/LhoyMaHaNae เพลง : หลอยม...
"""แอนฟิลด์ก็แค่สนามบอล? "" รวมทุกจังหวะ ลิเวอร์พูล MW 26 I Premier League Uncut",https://www.youtube.com/watch?v=YJ1L2bcrQB8,,True Sport Network,รวมทุกจังหวะของ ลิเวอร์พูล เปิดสนามแอนฟิลด์ ทำศึกแดงเดือด ถล่ม แมนฯ...
บัวขาว VS ทหารอเมริกา !!!! #Short | Buakaw Banchamek,https://www.youtube.com/shorts/yC_2yqiSkcE,,Buakaw Banchamek,อย่าลืมกด Subscribe และกดกระดิ่งให้กันนะ :) คลิก : https://www.youtube.com/user/buakawboxing ติดตามบัวขาว...
